,x0,x1,x2,x3,x4,f1,f2
0,0.3278008962703301,0.7875541141762726,0.3483422810330318,0.3846847188836091,0.1374206622233738,1.088312893829298,0.615789982806808
1,0.4563165008959811,0.3662495716627629,0.013696067583761911,0.08248958532295543,0.13922721675507022,1.1752577584109904,1.0241048541122881
2,0.21850165695294924,0.414854951721207,0.9704962608553998,0.14591563047655584,0.05330941070898308,1.4629159514165788,0.5227960478241245
3,0.4413735584172212,0.7266012421396314,0.10657961466419952,0.5782940519001109,0.6755313414167387,0.9560892617451453,0.7944266458051518
4,0.034005503289772344,0.7550811099406364,0.6005766574158466,0.11899038390102668,0.4917672787563863,1.218677483475249,0.06515851754583064
5,0.9985051835638643,0.5642446996279078,0.05014392152158317,0.29039529812954945,0.031791130868245025,0.003450815333498246,1.4696474976050244
6,0.09787692556592656,0.7770795040311191,0.18664966129329225,0.029526383066495597,0.04570696571389431,1.583784622002029,0.24543539106180332
7,0.046439570490026484,0.4501540803585949,0.008419005460048909,0.49765492831645824,0.8882554167633052,1.391174618226974,0.10166255235979964
8,0.5285780797176326,0.98351131847224,0.40627692467154375,0.009115661170804725,0.11385404504338457,1.1014837849466619,1.2050965752006408
9,0.7423793395890784,0.32603953803104413,0.6123642427053365,0.3655468443568586,0.5255069088820934,0.41797428858164937,0.9758721689689888
10,0.8386833770227576,0.37328065859540516,0.9007644938559735,0.1539745623904208,0.42840788636473953,0.3262835937164345,1.2599669709657852
11,0.8641147983058799,0.8914120981709682,0.21532593091596652,0.3120052711622813,0.01683571581484039,0.3183886983593791,1.4689231879751685
12,0.37411001776986946,0.710703221621317,0.27655550669380674,0.4683477145922073,0.9858779227864616,1.1080537176404244,0.7381392879064796
13,0.1035884018675411,0.6858233437704051,0.2837371661192125,0.6139939384574784,0.21410746480325546,1.1604947892085915,0.19051577431784736
14,0.8923392038105851,0.4618391224018826,0.13979163907906877,0.15155607090537457,0.5895358817968994,0.212175465659328,1.242652446977538
15,0.6402355375538968,0.05051394506888168,0.9304197589661296,0.6151323532832468,0.010641049001262925,0.8782577751104312,1.3850452268701172
16,0.3141973137254513,0.14819778967463848,0.48287143256874265,0.06212044353824813,0.17115899284758812,1.254002807066276,0.6745831486925731
17,0.4807494677592413,0.3656836908965472,0.04458888137505491,0.8942903441201543,0.5188702591072736,1.0057821797066262,0.9467230263483014
18,0.5612011142595177,0.49208131033558417,0.32468612542069286,0.30869802878551106,0.009818236897771128,0.831639185390556,1.0091496513640463
19,0.03899157514342684,0.6173085286674301,0.36013700224181516,0.6955771459538848,0.2138840644403181,1.1512729346068233,0.07060126509943834
20,0.8999521384973482,0.31669999609935595,0.4106576068014729,0.8645353300020091,0.9081853719448694,0.2098910673841497,1.3245555353226282
21,0.12088506490155715,0.8738045404156777,0.19091625271367132,0.9098607645910667,0.14938620583799833,1.4987466290329643,0.28806124942797745
22,0.06554521463477266,0.09049990928347697,0.5011221335116008,0.3301858230087544,0.47642531785524506,1.1907450284967376,0.12303198023192795
23,0.005318420941874666,0.055259984260033104,0.36725517223121473,0.6492044649608761,0.3377598386917351,1.2639546050109358,0.01055951970564242
24,0.13606019855030016,0.24987613838463502,0.3276604499350167,0.9881182635387574,0.7998676933948825,1.3881251237499346,0.30127526438190744
25,0.7404728979476327,0.8292080704821836,0.9081129079612983,0.7148760760706694,0.9570501431240648,0.606593316612585,1.4046161646590813
26,0.5701934193346931,0.32468029048035296,0.34386069331457025,0.26364538577059204,0.7573474687566552,0.7357613094672047,0.9189522734435975
27,0.2933522928516079,0.8787388189884381,0.4944409671612707,0.15562466996343802,0.12632005722431808,1.2555051478726813,0.6232847731958842
28,0.6767794690623034,0.12966634940743335,0.7270950125698491,0.748817171855921,0.9171255422151938,0.692623925062773,1.2449186290741272
29,0.2598064376897364,0.3972938945159303,0.09248178331178132,0.7475305119281266,0.570422620708171,1.140781672831073,0.4932485628528757
30,0.09241567343152453,0.9918224585117783,0.8673169242332486,0.26875648285641524,0.6193851425411944,1.4293436083774937,0.20896228338293282
31,0.43183843246259535,0.5218971923471892,0.07626439800333953,0.709382758254256,0.3863934271825349,0.9629827702292094,0.7760710865288668
32,0.6728583471818462,0.9968395184968778,0.13631153290306539,0.6292249282337973,0.6038313714615833,0.6914187750542099,1.224932808561395
33,0.5923847921880815,0.612281971342643,0.09601941489550311,0.5145769011734731,0.006898355655139572,0.8478406494290244,1.1380719026387187
34,0.3783002955054611,0.9416056093980093,0.29663241537957996,0.9584710783757763,0.5268023389875846,1.1991914537084005,0.8102977017299681
35,0.4961526669338089,0.1359362981783236,0.19817527482775424,0.4991315827681309,0.05009536582184025,1.0144490283443128,1.0022611408241768
36,0.3041223053217023,0.01223461265743397,0.34561608106668523,0.36867767629601556,0.23489834269711618,1.1982201844064835,0.6203293246168763
37,0.3932375133734782,0.3493960362601686,0.34640514587699367,0.518926934565893,0.818430747249235,0.9358906807362027,0.6648909036004548
38,0.3964341763364051,0.9797997090637639,0.868463488349006,0.587162171486186,0.8804451889743962,1.2333171164764358,0.8855454661795031
39,0.7191990211369915,0.6497110870608177,0.49821023438547324,0.3292675118888389,0.10267435375317455,0.5163283424353708,1.0936797133650717
40,0.012486944674123474,0.12009684257262344,0.2452834445958471,0.6340249493385508,0.8712882513752366,1.3647620131109388,0.02677248538749363
41,0.686379291222666,0.5384456604013548,0.8012285730531402,0.0267676503950479,0.8697758625384386,0.6871468300766275,1.2801355270471066
42,0.2606365209989011,0.5117939833517331,0.05500756230895219,0.9295871569824024,0.7957261820645094,1.3486584455811021,0.5852182815998237
43,0.7167188971841932,0.5042195977046906,0.14808898415914834,0.07197455573913454,0.4849607480657572,0.5627065289599558,1.1799879049789985
44,0.2621275111649391,0.8021843058056133,0.4906848417984868,0.585720367032591,0.433609362954853,1.0109584091229,0.4414977707433413
45,0.08924065030896423,0.8602122390475809,0.47397438453186125,0.21236165130899745,0.5348899544561768,1.2024714543909736,0.16967393828756025
46,0.7107091218542347,0.5845985084403794,0.38053536774965047,0.04420372640363649,0.4876247257526139,0.5396013053936142,1.104575861822465
47,0.5819058550175125,0.07751014823331889,0.6583264179414139,0.4034800949936367,0.5983414641643161,0.7464154898965661,0.9682445291989761
48,0.06056319313415898,0.9424741988819879,0.0025032340837585266,0.6934777273761237,0.8288534409739358,1.5816803294390782,0.15092468464813286
49,0.8293266132556331,0.6534730765747597,0.8196560827686143,0.2001465219821659,0.6416450119230658,0.32733097906292724,1.1915671136805974
50,0.19566959817480226,0.4453765283166115,0.5779910926389576,0.39172226111032016,0.4656522478503224,0.9740770582482347,0.3091875078680354
51,0.10090546116557045,0.19961306929569853,0.6696578187849038,0.09942358759761813,0.9343960474443123,1.4497736406612671,0.2317357969910663
52,0.12633776509296357,0.45421306337885253,0.1781665332100154,0.12492601035163921,0.32084778013611104,1.2533573220650118,0.25204737890851314
53,0.29629056724126024,0.10528696146890913,0.6858097865792165,0.6878362339548465,0.4732259980010936,1.0958871752978459,0.5503628759448124
54,0.8146907468297783,0.21554693361452987,0.9880278777285126,0.611248586553472,0.9876921189448651,0.45037461243564586,1.5032896124797717
55,0.6881134160143718,0.06337869511361019,0.2898156159973743,0.08403235973155493,0.5761574326472022,0.6651858937403832,1.2473648158850938
56,0.7525104202149064,0.1082060275223893,0.7937353730736436,0.3262042814344255,0.7761608218472869,0.5102799730164229,1.2457972477810773
57,0.3942605183298373,0.8457110077176562,0.07356957814126898,0.21766281286913,0.43019799052339736,1.128552306003191,0.8044966971105484
58,0.1994692293226052,0.9208851241845997,0.5276790033787774,0.0021099622339589737,0.8038013714977589,1.4441896844613002,0.46791484887255264
59,0.5341200933759226,0.23113892426478988,0.5999774265476293,0.8685725738496988,0.512235250295065,0.8140670688121302,0.9063631510420174
60,0.8018372712477472,0.6791209939944904,0.6443196948910841,0.8065538636521451,0.24588923944471863,0.37103506091911465,1.153242579806834
61,0.9259607053598653,0.8702317897641616,0.7593600589278238,0.6545830291706228,0.962634085896371,0.16735853608561788,1.4325224909600498
62,0.6455098285932619,0.5882011336786817,0.13055253473823372,0.03468812328055966,0.1995345925038129,0.7668871058678609,1.2318584231249088
63,0.6164062246868024,0.8847114682255948,0.20706992667579033,0.3764950613532614,0.6153132668844622,0.7154350081655653,1.0400526236020862
64,0.14490123502592708,0.9396379774325204,0.20023945269067212,0.7920866483495393,0.685690753925165,1.3667497092286398,0.3165721516545038
65,0.10420573283120281,0.8256748926390485,0.7916302111443695,0.4096930783576833,0.5693584143635081,1.1879837339205774,0.1962117967794199
66,0.3772283738244716,0.5521907467003974,0.4435256204564022,0.8475844255225813,0.4106452080635544,0.9412664920596481,0.6337110661435289
67,0.8913602357949248,0.5870503801901974,0.05839815411054489,0.7617341211197484,0.7092443066079988,0.22329765463991608,1.2957785383267542
68,0.6918370352623794,0.008050685346110992,0.46390806301499454,0.7686301865237871,0.46124973566082544,0.6128933217618143,1.1656755364145066
69,0.2697891962374107,0.34518000791091097,0.428722944125985,0.8441319900137542,0.8557354980175315,1.161323389200987,0.5238947396108761
70,0.7780535009865771,0.7635259935965591,0.2405141078585097,0.39947314433503245,0.5419166376209352,0.3923910236073302,1.079540018125809
71,0.01807314466202335,0.7211698172282771,0.14604698854594453,0.9419862107642324,0.7103507670753423,1.4132283922428999,0.040131246624693924
72,0.8896587247029721,0.13071301583649694,0.8257353963870258,0.510155120856017,0.8417342543961002,0.23443169400608774,1.3389945579309694
73,0.28022332547188683,0.7131368385115876,0.5484898956591072,0.725874863863045,0.27403621629180486,1.0402505140522857,0.48995053190816606
74,0.5698688146549638,0.022332066042510534,0.5138261517527914,0.17918638300988507,0.17829665791596333,0.8973115239599659,1.1195549984706474
75,0.04928547663252384,0.21603143874514244,0.3191650207266147,0.3939081036393802,0.8466373304144932,1.2410240382054574,0.09626931672545683
76,0.8545187940624664,0.23413914995175367,0.026709890439466935,0.7269715178347456,0.959076810400018,0.35270835338538375,1.5164761110287086
77,0.826328980519443,0.9746866720258829,0.469626915250838,0.6707032757758475,0.23269524367692063,0.3574917798798565,1.2777745236748208
78,0.380660696965072,0.6447760379097082,0.34076603408723033,0.12141756196949682,0.5080389119845905,0.9832872311317783,0.6697341531127338
79,0.9201420636471641,0.09444111898704352,0.5461615833878486,0.43610045078828835,0.21072569790888546,0.15693674418699002,1.244515628593212
80,0.46338689862387866,0.5579647825025942,0.845037540640575,0.8503323285850649,0.6830100969249954,0.9546070783883835,0.8506679741838563
81,0.7345866394092423,0.9849462939745028,0.8261653331191954,0.472282164026993,0.03956795861271292,0.6294033357069362,1.4211862725576812
82,0.3724055129872924,0.10395902028752707,0.3916026363070964,0.319392384735913,0.30716393265512626,1.032490121671088,0.6838178822179181
83,0.9065616268056033,0.4584020298884839,0.7893749436464622,0.5640261894265652,0.8158747774425111,0.17393717303409734,1.1765569025799936
84,0.8701512095082305,0.7675021182149651,0.820901516752297,0.8637243497283991,0.45075547584104364,0.26519588066816335,1.2821159663751425
85,0.7761493592170308,0.2795403831109601,0.9699914398629149,0.0015184461954906483,0.7280394255171414,0.5407367917255083,1.4739205071159962
86,0.7953143519162198,0.8366014994826899,0.7805986178132343,0.7415553883247207,0.8517075023375226,0.4342220468123924,1.303670281362352
87,0.5036892609312655,0.598303887347482,0.14510857952732348,0.31602218461115844,0.45372612847401317,0.8236319900457267,0.8332337630093959
88,0.9182786763395484,0.7489734033145687,0.564067957767977,0.383273015650512,0.8054619451585682,0.15016510261387153,1.1633732272152295
89,0.8528598604434084,0.9864655182379523,0.40551014498459653,0.6269959872163989,0.9768747681149244,0.34111874802284115,1.4495172188332486
90,0.10956466580127673,0.27210822723201394,0.9048031352504561,0.06761836442225824,0.4806086770250901,1.3824012284362703,0.24029364341475104
91,0.5782750619900557,0.16070723374638138,0.9879811929024619,0.6883744324827089,0.8867731542180971,0.9461394033326668,1.2129549893623632
92,0.8035185527503759,0.395956783994997,0.17336866933814754,0.020320213264448262,0.041428967048017365,0.47321918987156797,1.48428249712608
93,0.18046445351937923,0.363659616769622,0.972523851078422,0.7343623278896046,0.3251540067333775,1.274389054809954,0.3712526819275665
94,0.3287650025055498,0.027809046607793694,0.9545065964814928,0.8002812618239556,0.9254594780815995,1.4789353390600477,0.8397715680384623
95,0.13158469314560675,0.7965522930426852,0.9431354553942684,0.25118270010280147,0.9476625075967327,1.5137041599458205,0.3174046483626582
96,0.6819957116925605,0.5780584034851148,0.744532428780964,0.700520775357465,0.04878550404665937,0.6273481452595827,1.1496644261995665
97,0.1593468163486058,0.9000456515845496,0.8492016418848736,0.09610698553320965,0.5905847913716384,1.4080250532129133,0.3599798957626903
98,0.34896693617118024,0.8511908256568556,0.3889278501198472,0.44532435612939825,0.7238977066560568,1.0146181011385174,0.619496281388053
99,0.7745478330495078,0.5552272904560721,0.21013337223189177,0.7366567693293815,0.29823833150115203,0.41051756947897555,1.1103273301973342
100,0.3213607260385222,0.350484069608203,0.49306645533562876,0.8242325562386559,0.8098663875924855,1.0709400747909608,0.591738672877147
101,0.36631135762125555,0.2868260354820132,0.025985977641925825,0.43045490234639766,0.5483001093901251,1.0716235694133625,0.6950704647601618
102,0.789568810227906,0.4346617593242045,0.9233106636020485,0.6218148496953345,0.4690111383848022,0.3892296481979981,1.1343391195516987
103,0.8131756600570786,0.352833203012744,0.4410494753432411,0.35534470894438924,0.6495367549107147,0.3090605587995537,1.0227424238957008
104,0.11407116488295452,0.29831986223087315,0.779427118127884,0.22809345133380646,0.31319198919906,1.207930806346804,0.21878665289901003
105,0.48931143128049964,0.3999318294964617,0.6064704217946228,0.04910364081932941,0.6784647417736311,0.9032758070382104,0.873442674259747
106,0.03694851856123058,0.37419319164275466,0.637639059256514,0.7282022244952052,0.9834984614714433,1.3183952671283643,0.07660384403647429
107,0.9759691893067443,0.7578805112739432,0.06534035240463908,0.7575155385733443,0.07096026392422121,0.05682748366421636,1.5047480397290547
108,0.2465527349968192,0.14533337227500354,0.16440491756705047,0.6074718547554008,0.8733978859650365,1.2864880177987492,0.5247374774232367
109,0.5985321863672848,0.9285737304827931,0.5181943486697819,0.9721968281658631,0.2174741474425191,0.8766884506363031,1.2008260536155428
110,0.5668091146648121,0.6088174430174915,0.19234967400431113,0.9028343621920959,0.35556638077062724,0.8113640108113305,1.0024096405320853
111,0.5207106272279394,0.9520958687431188,0.9904851262391066,0.9454465999811156,0.22315005049421685,1.1760445681835174,1.2551650235222012
112,0.41516743622158214,0.22830958263954323,0.04625754510632465,0.06174925012311795,0.37591503407906357,1.1819710730596356,0.9025438337827992
113,0.9920598280791039,0.16392488675648526,0.4757964946040109,0.1348425158917652,0.7929644045774873,0.016621532313665904,1.3325967654803466
114,0.8794633569174595,0.4987611886805279,0.5629565099998735,0.8334106010024134,0.15543661654443644,0.23222231567434096,1.211801383801757
115,0.25627224131526843,0.29643599010439464,0.1595936143801959,0.937240120345279,0.6437086095857234,1.2597023988510017,0.5363863943257625
116,0.007573405341646418,0.11634349350426323,0.9613869714471363,0.5059586134386108,0.7618112357670866,1.4285497894919479,0.01699522615824586
117,0.08232606601725587,0.3868099521060346,0.2646644297274621,0.13888766478278788,0.16231319936923275,1.3016690410605962,0.16927320245358032
118,0.3122296320834963,0.7803450455414208,0.8994182218665522,0.4133764102741968,0.6091756247870926,1.10931282563056,0.5923344794384471
119,0.3368434795724103,0.23677644575675735,0.2437001743673426,0.6857759901078848,0.14624060121056076,1.1176003593683708,0.6534893784393158
120,0.07876305270468854,0.16773125479498063,0.8642076855195211,0.5769156368393562,0.401419719296575,1.2490629053251743,0.15532829138332283
121,0.6048963267561488,0.8999241343333092,0.8418298261998575,0.005534715262630675,0.5432247431798922,0.8857820117322268,1.2391044855822198
122,0.6691397698217327,0.5629610468384944,0.9989984782953777,0.04607785928022929,0.1072305653855574,0.8012047616038964,1.400261648358189
123,0.8470209834459161,0.6474399906151173,0.09183031683113695,0.21066653430720458,0.7526649421972131,0.3179334342586502,1.2975100624987428
124,0.24495677564247628,0.3300506251557192,0.964942416364083,0.08760828112784437,0.7622558605219362,1.375399680324316,0.5569855221085791
125,0.3067380107589488,0.7513571815304931,0.3218719550795013,0.08176290305148586,0.6040432295790044,1.1348565803374029,0.5934506313164689
126,0.4543232983467334,0.003120519580267364,0.8506376678313703,0.24559205961986588,0.7641794184393231,1.137255698429855,0.9847430489817229
127,0.00835244087989196,0.25479505966125104,0.5728902069814268,0.46097669580312717,0.3900994971591488,1.0789465155033857,0.01415657271604333
128,0.17411682760617028,0.14270049175585192,0.00711023385007011,0.10408214302056501,0.9334745678627637,1.6514999053104251,0.4632987760949262
129,0.9051852049303829,0.8471592590426427,0.511837309457877,0.7968096508752714,0.5162569889003673,0.1794001100349693,1.1956357285834045
130,0.996815737679806,0.964445482188245,0.27096074891486815,0.17140774867343014,0.8381897252653007,0.007455261622954952,1.4904950973642086
131,0.9429191651749068,0.17112758027795044,0.8713305871638026,0.05472380688935662,0.9058240159145162,0.14407419347003364,1.6025441462844987
132,0.3441808437615598,0.47987952070268014,0.5875862492566972,0.5341310994902613,0.251024905622235,0.9184514524574395,0.551343840374086
133,0.0007400653646384501,0.47072971435451755,0.714578087545447,0.3741222569186802,0.0650028809535199,1.2519673591113876,0.001455402640199412
134,0.833802561013819,0.7913477902538104,0.019085295887341574,0.06911677169862253,0.9647916540879505,0.44339022376283616,1.6596469222441304
135,0.05249246883198176,0.5807944560871621,0.4524974192305346,0.5671011974144274,0.6809673437559338,1.0424820968103956,0.08615317283661679
136,0.9398478312842327,0.6508904572963083,0.6730338051670479,0.7730674754138691,0.6468488245423845,0.10838868607103593,1.1437145878092037
137,0.9289121201484951,0.1469107401208706,0.9635590216817428,0.30176791117194335,0.5861534672352608,0.15447658622246324,1.3776436183395944
138,0.4754527923796137,0.4911187115082236,0.9539075377400293,0.5433375730324224,0.9404553263187333,1.0288356610394926,0.9524038313935764
139,0.2482962853967274,0.9024717465236382,0.9342429474982785,0.07968141745516613,0.2522510901527052,1.4692945572393805,0.6040000700294452
140,0.7222555097479083,0.6276374584322214,0.6672838530021107,0.9928490869358211,0.10155794736019864,0.6110085351444979,1.3104909281987924
141,0.3339059857262107,0.6039329498807148,0.6891199985371759,0.181057090160524,0.20057957018770078,1.0715351305719325,0.6199369209742014
142,0.5329898594069422,0.038134843482228224,0.2384381105189513,0.7708534712086786,0.975001584289071,1.058343204609069,1.1741346539208184
143,0.9893796683671121,0.03173258672316753,0.22931830097692343,0.789723418380589,0.4165882484134886,0.02307800063305689,1.383247629555279
144,0.6245633669130028,0.16577365334378352,0.05743553619549748,0.5575075057374054,0.19377477589137593,0.7811834439800225,1.1673895759688082
145,0.9239600240734653,0.6236129894890584,0.06361350288089342,0.7516752571356117,0.5577931069929736,0.15161782077446626,1.2633281761133845
146,0.3011077163917706,0.7222794982963281,0.7734121129824109,0.8272030424309332,0.18101295124159938,1.186636366779856,0.6072245229922559
147,0.8494272423565988,0.41073150947754894,0.3635199868514572,0.8087405190018327,0.844329163881792,0.29066914456053683,1.2059433840014808
148,0.30325454918032313,0.9053645946785088,0.7237396619894804,0.15772550767182558,0.0368036028737825,1.373963405053114,0.7089400776465087
149,0.17266126713682772,0.3589206700683872,0.8373210889074276,0.5588679721586903,0.12413353422823664,1.2316981065010424,0.34249506126762097
150,0.11014249964581807,0.5149914334409397,0.5250809587818454,0.35839696217115696,0.34047627620695153,1.0307318406175703,0.1801292574955843
151,0.09175084262615496,0.6868285089844803,0.21993348977920402,0.6597972915908219,0.1822747070376574,1.2269726573625768,0.17806821677092696
152,0.8683553232720698,0.48233633232193246,0.6193182220209531,0.7856513840065257,0.0024887259200159994,0.27587604300979307,1.3150371598248662
153,0.41717996685300235,0.7255521328700384,0.03870644914029261,0.05347363373461263,0.672766857031349,1.183663796463526,0.9097744190061542
154,0.34339121107992027,0.9489081707698132,0.43534454676079654,0.30635763316451675,0.22964620279474196,1.1293985772122779,0.6760705684364532
155,0.236795827214469,0.0013067991104107229,0.9850496746761905,0.9827681892245436,0.3775267473501398,1.6135921943615992,0.6294904750263094
156,0.6521769575125228,0.2647806033590267,0.9799574178988137,0.9136370838134403,0.20404802735777272,0.802423811622368,1.3195439559384572
157,0.29559497796824846,0.22076622175813226,0.7970640345411794,0.5963298174851468,0.29779526955360125,1.0876018310649551,0.5447146676236019
158,0.6038126141776743,0.3429847108977046,0.37028299975794715,0.48624632998255846,0.6770459779312349,0.6254921266124686,0.8718487472237862
159,0.6821824458619157,0.3760135101362529,0.7114122708593223,0.9069980520908387,0.8175075186886146,0.6350700767214179,1.1646277750798175
160,0.184294723589214,0.876860959957461,0.18127724043606547,0.8526750216042195,0.2251359467875892,1.3834722901111722,0.41207674503418873
161,0.8946666410745852,0.2700295805352402,0.7248318461149874,0.9555449176878538,0.31156990927059575,0.2217669469712203,1.3280743795400585
162,0.7969458914840329,0.7462623986776307,0.769798703316879,0.9783425506301436,0.4059367400614834,0.4299428036238238,1.301942176947109
163,0.6153275173552697,0.6383598048653484,0.28176186263033465,0.6522603562186329,0.5925086303620507,0.6241072404980381,0.9040019955184201
164,0.20587090492597326,0.744373638349639,0.16634729023185885,0.9146201875899539,0.938917161013019,1.4560050052866127,0.4879745692700439
165,0.28851423069463844,0.532278468200823,0.48844483370211017,0.15941711708384088,0.5956010608086962,1.0126126341109432,0.4931466957422432
166,0.6995147269123195,0.6912650792133205,0.914876636885037,0.6764414233879101,0.11402925491425428,0.6314495947546876,1.2369577503901068
167,0.5541286093800785,0.8802230641916889,0.22484606394376583,0.5696770375467402,0.7783231575469025,0.8395283269364777,0.9959686605806435
168,0.5410673852001304,0.496709205287584,0.1204701485950069,0.966146624754235,0.1753563679750062,0.9681264629302095,1.101842588132599
169,0.4321714591585885,0.47323009275012534,0.8594464276019667,0.8961841401568927,0.7004858052857904,1.0328533125090604,0.8332715894628804
170,0.5764028328238098,0.014965660108937623,0.4663686377881815,0.07791146064686548,0.09815835073069826,0.9729777611490873,1.2398260067537785
171,0.35043028897548406,0.0360872765109592,0.4596846051441833,0.661114290910172,0.8644579823752557,1.1724294203777321,0.7195561465931211
172,0.011230106472443328,0.5226069549798256,0.8793466923558241,0.24787305316979488,0.29230627727504244,1.2509250124019973,0.022068869064267166
173,0.6543386205797537,0.19677869104001025,0.43326076822167303,0.7650313539324283,0.295218965029402,0.624440857596498,1.0347585029244752
174,0.8350296751287521,0.2804931791551543,0.2873079100368659,0.8576246678071933,0.3058530940983201,0.32261405235782475,1.21697384115798
175,0.4668210796320256,0.6251986756962412,0.08885202283131766,0.42532801628641304,0.9156460588814013,1.012725958274745,0.9123074292620468
176,0.8451770162860548,0.2506251318259017,0.11371620987119302,0.49068013292759716,0.8212094463073932,0.31657824942657015,1.2759793180212358
177,0.38519464689004945,0.06172458633658337,0.5979869190464996,0.46547856106056273,0.07593604585191967,1.137231814686136,0.7865031871718562
178,0.020958765408071338,0.09759577813471301,0.8628477264819499,0.2529603295690045,0.23843210045525118,1.4222628836908005,0.04684059401140843
179,0.22728805067389796,0.17699261659002818,0.5315758950241145,0.23906449566958854,0.6650805230633376,1.1249570672957276,0.41961813763031663
180,0.7254232956124841,0.13951637441160977,0.6632475288624269,0.2973784142265838,0.014561240662574255,0.5992012727676073,1.3020443975580847
181,0.4094305403708057,0.4814195412670892,0.35845564539668523,0.24310785095127527,0.24352034179852008,0.9219794505654878,0.6909529835635395
182,0.746496023789804,0.6834922591958225,0.7641532215912651,0.45175555486607666,0.3339538212414853,0.43946896230769295,1.0446714120185496
183,0.7381154162333717,0.8232263444875663,0.620173417115585,0.4269344263238609,0.44068058532473176,0.4509551808531311,1.0336896421197923
184,0.9534116029494255,0.5979455670527546,0.9331236139626246,0.7549553586769461,0.033859727637346085,0.10817292206086272,1.4755185251473801
185,0.782085350546854,0.5820910914052011,0.3387278685582778,0.10388024667655195,0.9522326472365268,0.4679598440336294,1.31329036644598
186,0.9268137454939017,0.6044407264411215,0.5572873909496632,0.9603227770997472,0.07799671533102347,0.16106944387093056,1.3949050039317683
187,0.8091319383750132,0.44667001928489225,0.09577687738835622,0.6818772927796083,0.06841154821057241,0.4092242682898343,1.3237789107334874
188,0.043034756679466164,0.26289905629190724,0.11642452988140624,0.10862949834016672,0.6354084638115454,1.3717132496052236,0.09286772066647721
189,0.11619429436850037,0.9930980929943226,0.1266870627773452,0.5281974227234296,0.24918962966039565,1.4221874712706037,0.26249550455396436
190,0.5111503523639167,0.4162535707816298,0.28531384386734493,0.5260769575089544,0.30325445262115336,0.7588605672067027,0.7859200628203236
191,0.5063905121106725,0.016261845190055697,0.6177027369847157,0.6190410411011668,0.5452086592932249,0.8848159138211465,0.902760554054682
192,0.6620040169366743,0.3818452039524336,0.15673683218563245,0.899697679273474,0.005368468100736705,0.7778276003621611,1.3247345143364118
193,0.7446910823254906,0.6988840723698215,0.25262068177128344,0.28197409305136045,0.5650628608584476,0.44991434523389334,1.0610745215532165
194,0.3528439335376049,0.6968301677844898,0.9391037506952383,0.5704706521125498,0.6870020846484174,1.0811449108630673,0.6691881535414619
195,0.4064362763433281,0.13783215920545508,0.2696493388549796,0.6419727982771363,0.30883114376139786,0.9965070011775317,0.7395120223895614
196,0.8501968686154943,0.5079476968966719,0.2745864891711456,0.3054877475301388,0.2569635994446447,0.2675978704726894,1.1161457848693956
197,0.2354083954386014,0.7617754205213606,0.6412667792888428,0.47174132877714703,0.9213086544188315,1.181157066034826,0.4578265491936291
198,0.6781625968074775,0.44911440296183486,0.2990245747639718,0.9997570605340778,0.4246505749718866,0.6287975762210694,1.135999751067465
199,0.44890346361745365,0.675183317719567,0.8759524902161503,0.5217915242347387,0.043389100652470716,1.0516622766337187,0.895076269185721
200,0.2918708698577177,0.18150619820355743,0.9213570320343332,0.9118626696233483,0.6249202649746479,1.3130076067274936,0.6480273644169414
201,0.3470788148213361,0.932428051395413,0.8112644066487361,0.10662070863121963,0.47900498610791276,1.2304441201921488,0.7462726360935418
202,0.7511004012207342,0.2889905371653609,0.3838858883874015,0.5618766741862682,0.6443922451169952,0.412596143419051,1.0009854805792364
203,0.6239348486616222,0.7390461601065729,0.5429372458797329,0.5441050156013829,0.9512609435262881,0.704314776124195,1.050273224760003
204,0.4000542064163343,0.7295688310062904,0.11446547274335843,0.48303317965078985,0.97282769132859,1.1529337160343673,0.83780537502398
205,0.11928065442736545,0.5164866216519702,0.2552975767915703,0.5494622034831912,0.40290478996730866,1.0532628709266243,0.19968746584849606
206,0.7496523224774501,0.024362906670420306,0.10889112631749384,0.8373348718639815,0.7821614300397688,0.6026039064437543,1.452570244258714
207,0.9828621694761556,0.5296683084483876,0.8332775298013035,0.5629261675653437,0.44504599954444757,0.030118105082092245,1.11852835032821
208,0.45067034645004506,0.8628062237036858,0.03764001172401245,0.9340237845540582,0.8322794831876109,1.2491278803814172,1.0691328020157407
209,0.11328581073976231,0.4072785528745301,0.6286269604118606,0.1753445442599969,0.4571247764299618,1.1144999744593138,0.20044430861740414
210,0.6436116836502146,0.9069601599179787,0.5900592046574907,0.33303316772333963,0.7418305302821346,0.669141741382547,1.0677401285660926
211,0.4211448062931417,0.7160536698387839,0.4775378414994865,0.07542326372024477,0.810965803970422,1.0448217480865842,0.8134603571838315
212,0.1532460527021726,0.04249086118105695,0.7631796886032292,0.80586930615509,0.4099495427115173,1.3404466872279865,0.32905042910264454
213,0.9859788263970702,0.9801926235361488,0.0614321186762095,0.5309291797701243,0.8376450825269693,0.033868324762305405,1.5375145781649187
214,0.4112314682736818,0.0070253187694842055,0.46149578696664334,0.2070810164040642,0.9457308350730331,1.2209270265713712,0.9203964537461434
215,0.15448305233961382,0.9370444290400615,0.8909293341907614,0.41594434373079786,0.2463428994858122,1.373777002927347,0.3400638538211132
216,0.7572296707042854,0.8045446222243308,0.893234538367139,0.18904707663343173,0.9994980512628049,0.5930746289593142,1.4790978830210633
217,0.9415999990352651,0.19201062636725277,0.6550472497804161,0.14898587318317458,0.7500989894522017,0.11951432698701266,1.2991718843062101
218,0.7133599920858885,0.98807663391872,0.9773457536707689,0.6240510936270474,0.5471967021870386,0.6456938206978435,1.335824573598689
219,0.8059698870985207,0.005953455125893976,0.8805443587983713,0.6474438815384611,0.4480138348435001,0.42412165018870923,1.3482009697312993
220,0.8304133616426416,0.22446103113599397,0.9411301247013181,0.3707389456853989,0.823457093573971,0.36640003120468984,1.342757838880319
221,0.27385452792956805,0.4636511101621136,0.675025814350568,0.829942477188503,0.8997455650942601,1.182121408320809,0.542388529933213
222,0.9615352396755503,0.44377570723152526,0.8032772189618588,0.6304144564649344,0.7858528028164042,0.07208938301341969,1.1916795039680275
223,0.20021777307071123,0.2275167827066359,0.554540216163079,0.16246724622239225,0.7687906128162639,1.2014297475921163,0.3908226092971116
224,0.9551498784694932,0.7655235529741695,0.9503932688485786,0.8176375957035363,0.2791847687727494,0.10016871420465906,1.419479938939779
225,0.518184209111611,0.7924340258617831,0.4146846382806126,0.500990350634486,0.1423559084802175,0.8381658834175536,0.8874698140958359
226,0.18896545500593026,0.11898961807928858,0.7561680043369468,0.22388575081634543,0.989377062735838,1.4597645958460619,0.4464868076097849
227,0.5396947992786774,0.1543461107412805,0.9110766032723601,0.2720578483567501,0.3979025793507755,0.8938135768987123,1.0128532219460484
228,0.1861534570661371,0.7944468917575842,0.6331096192056401,0.8810191306493947,0.6528300752856299,1.2189158218220384,0.3669404475059845
229,0.31664139356981724,0.1587607036270595,0.9273947746643277,0.11473040684485242,0.4978290311536471,1.2721573058307551,0.6906596698196564
230,0.07299542976584528,0.6652745543464018,0.20900662788248361,0.986467479045326,0.9605537185648053,1.5505046767975565,0.1785655723760058
231,0.21056403651955508,0.945801307681894,0.918926490398792,0.6325349309758019,0.6360179233094398,1.3338632656188731,0.45800418730006015
232,0.5729086313630496,0.089193486747671,0.8765637623966058,0.2576154241903798,0.34470060843944184,0.8662545436742211,1.0914446676344935
233,0.15103679585775295,0.8196288905426493,0.3136178014064635,0.5223110246889019,0.6596483751774069,1.1303120803002216,0.27331160648215014
234,0.8416615436806886,0.38547648953203467,0.041789458412706135,0.23760498549450587,0.4365774293016312,0.3190115081486576,1.2560684512882423
235,0.9594979122936621,0.32159250189410354,0.3720066441606463,0.11713553206328725,0.2214604041588082,0.08089495985734846,1.2698068833287042
236,0.8362262710594071,0.2445939232541509,0.291677284861655,0.43242999982835256,0.3177736614361984,0.29167582947232745,1.1086769146566446
237,0.3257480537425169,0.010431578050309384,0.691027834947019,0.9339477839437729,0.19110646530566308,1.3601054046999157,0.7637964236474303
238,0.36555559620184636,0.42563252341429075,0.7190216338678445,0.7191743034063851,0.1566937550896737,1.023830364080436,0.6623456592650944
239,0.9099814372531629,0.4180165825894355,0.3530229840956321,0.5801333708870982,0.32909059843627364,0.14994327033476076,1.0533361546622957
240,0.9955379535087931,0.03508299614316863,0.913805135530449,0.32504095255054555,0.18817417071241088,0.010620098633866652,1.5151913086531492
241,0.902612286863019,0.20902652159512788,0.2601911634284746,0.517654243116497,0.7741161312496028,0.18554209841039934,1.2034056596857008
242,0.632677695524763,0.18745431659736872,0.5948196193774627,0.34678275736800995,0.4634857397226381,0.6172275242202877,0.9483074835925178
243,0.08473468836280536,0.44151761428894504,0.6875252899032273,0.8113465231754102,0.08799884753300144,1.2937226219374403,0.17321981630134867
244,0.761031360071851,0.35539912716187655,0.517023206345759,0.6681345371203022,0.830640117462781,0.4248334978929753,1.078106582595972
245,0.8209405192608358,0.5778189649454436,0.19595793320731159,0.2664600046615119,0.44697842874137794,0.3208315952624549,1.110430255905079
246,0.6060888454805831,0.8961592776697721,0.551041446405105,0.38610541175650204,0.11902848636022748,0.7642694062283155,1.0733669716339724
247,0.35905587988090315,0.8689951901608671,0.37407658101303604,0.6423385196863876,0.49258730443122645,0.9907609099824545,0.6266968547023236
248,0.14200042330039023,0.8566960908371113,0.3782354500337232,0.1239683384321568,0.024279027442499206,1.4723666737898118,0.3339740914385134
249,0.47081218470399744,0.24150551025656392,0.8831139795464352,0.9271979032075993,0.123759299216467,1.1359731982374202,1.0363083451774764
250,0.36932417285645514,0.07268560724019045,0.2922129611147879,0.22057064271260246,0.7147658234874753,1.1291078699611248,0.7399705894549324
251,0.9450774715637518,0.6935859339590101,0.36876571667691305,0.11123833424249836,0.6307189064276588,0.10537314464433932,1.218372813332112
252,0.06392137085772318,0.20572033255919206,0.6159859456935617,0.29905506062947573,0.395108125367123,1.145635127486028,0.11541843762948417
253,0.1791310323690991,0.9258356189853979,0.39394102683543364,0.1286395719085445,0.36422102998443256,1.2958804637467645,0.37457069713015173
254,0.22951378031063938,0.26713892025476116,0.5375606930005039,0.4281908687103942,0.42701838023341593,0.9975812042960687,0.3760840830665003
255,0.07185226327868979,0.08466871134107892,0.9817731741065547,0.20265683254614486,0.5324379213036387,1.4845645848061153,0.16827090224049152
256,0.5096807520924644,0.7786032099034199,0.9576393693526363,0.9314330927902084,0.05401531295983173,1.1642311123138587,1.2001884052544973
257,0.6757702441960979,0.9629833115101302,0.9282265482999722,0.05197934988751429,0.5502283047052025,0.7805807133027105,1.397791405373455
258,0.6575020918927723,0.9143907621827788,0.5089941848836176,0.40661647526140704,0.019936247664774327,0.7230081876765918,1.211664218340071
259,0.4183347763841349,0.06645587065266959,0.8175998186689513,0.5527239005362214,0.4759038083066299,1.023099015598788,0.7893192846071693
260,0.7378086309486975,0.15312897202557252,0.3224155633521645,0.8826929990240924,0.9036265126868132,0.5849347343429527,1.3390395954889556
261,0.8563952623832755,0.7304771954156702,0.10176516759646075,0.3488195964287937,0.7277081364322054,0.28772735439416297,1.2538270443057118
262,0.21797122362655724,0.3144941079784372,0.48189164401443263,0.1874947410723818,0.3507024097546875,1.0876662462848463,0.3876729781664359
263,0.2877844499661841,0.8653578615323244,0.35523347762949115,0.33871035266387145,0.7663995703361329,1.1257249786402497,0.5466372601617911
264,0.9875695641160883,0.9102620518502004,0.25927513540766456,0.9650512360242333,0.735054101897695,0.02924344606376205,1.4975009863677604
265,0.13203669269374466,0.8306804933668408,0.3140868244083008,0.5060023277699257,0.6667793786980949,1.1466526415309157,0.24128862498881237
266,0.6015203050375572,0.9547430845776181,0.7776064884860889,0.11259991929568469,0.28954739896075243,0.8660208839876006,1.1979813070062288
267,0.7018400347394333,0.6412874533527299,0.6347549746559545,0.5823103240907406,0.28730014031136114,0.49210247574806204,0.9727458122288337
268,0.7213866773385662,0.4527823713103079,0.5815666306854697,0.6515875359201725,0.9713902536582337,0.5314842189332863,1.1358769833489284
269,0.4281057091525728,0.7061041390690003,0.20289296979316995,0.14676763061940254,0.7049736961237947,1.0150482585795382,0.8082598832204491
270,0.8663955894184445,0.9505581553148029,0.014367593611582376,0.8917538981658718,0.8592644494478706,0.35861269139806207,1.6836146390527245
271,0.0034664260134455982,0.4769030588252958,0.3083259516730846,0.46347280882297015,0.4897471502924811,1.038696367999361,0.005655808774183177
272,0.9354308844717977,0.5709570456653035,0.15343555868782285,0.21464223642621905,0.36771673808000765,0.12393843786534799,1.2177791117014478
273,0.19176716677706526,0.618611665476026,0.74095696917612,0.3408734872534827,0.5065359232996755,1.048076268873713,0.32561774779650354
274,0.36018388504563326,0.4038588422931206,0.334539620504348,0.5253571573976968,0.6542544603668895,0.8957163738759635,0.5688018855392051
275,0.8866381989960344,0.39250793595880523,0.7345785923735274,0.5033890380026989,0.7393806334876737,0.19907433527101295,1.1061248355458158
276,0.9779621923509232,0.33802480752295067,0.5790219821097224,0.7911461230301614,0.6911778118175386,0.03993285382284829,1.153104212342048
277,0.6941817700725157,0.5311699618621178,0.5030448437831488,0.05791471595417376,0.47127415625011654,0.5532645378366914,1.0617414577449975
278,0.9578149586116158,0.9265991133144782,0.4362289052710855,0.5922470495168018,0.7884468897792416,0.08460798726563515,1.274960419780469
279,0.3569944141017328,0.5945875690311253,0.7501704427003897,0.8879167494315949,0.30097045630415814,1.068404242340243,0.6709754491922624
280,0.7295216062905545,0.10662165527062684,0.786571996240764,0.7958797325912492,0.7903733889740419,0.5806779126893398,1.2834865594152904
281,0.5491351971561116,0.5346478097264767,0.8570142773503072,0.5099487115892913,0.6290035896369006,0.7450606269374829,0.8699581158038412
282,0.5450564473136348,0.08244594028399894,0.39660246748515915,0.24943851593885286,0.07969805444437401,0.9335072177609933,1.0759645159758082
283,0.4047091815044365,0.2748120550265486,0.3658547707207032,0.49551673459585144,0.694179102299889,0.8902856732574123,0.6569468437761697
284,0.147115582797258,0.6559123221513748,0.4655128144995583,0.4347349798048483,0.6509451112652381,1.0245629159191072,0.2410714105058759
285,0.4692236385470639,0.8677898081697699,0.4483141708415957,0.006193597456357596,0.8955205361370792,1.138978479178475,1.0338544501511107
286,0.9368600601006742,0.21905185147464343,0.5592998308071131,0.0940196216137412,0.8277499719743757,0.13413781624895535,1.3480310924354943
287,0.17694258730907145,0.998844229166971,0.2782435395824789,0.7793083587266156,0.35796539915867165,1.342625462550396,0.3830861344123797
288,0.8601635091077316,0.8076253544280972,0.6938916043308728,0.7428969725335941,0.13304412543128785,0.28890003876317083,1.2940255569823045
289,0.9639336942148986,0.40545191436645217,0.42148692725946263,0.2589882353981376,0.1213889159635547,0.06888337244256428,1.2145849260034756
290,0.040320253855618035,0.5598045938442214,0.38597222516377994,0.6963387834772363,0.8633542255823906,1.1847739079741406,0.07513803907493337
291,0.16525497651849497,0.6106219876011129,0.17761368945082112,0.08889912250053057,0.9114073927489847,1.4057029064812092,0.3733180233927708
292,0.17019032169782436,0.292469524787115,0.12968512894983322,0.7630455707368453,0.7493838045861233,1.2649976946748673,0.3464707244898823
293,0.9163561167878775,0.6341676839855308,0.30725423926328627,0.5906912310382305,0.2710708652354727,0.14617883035185675,1.1061684695757266
294,0.4431767169324373,0.20775181517991537,0.6787290589722366,0.7119776152376727,0.1841001905113283,0.9684231401250168,0.8093227090508371
295,0.5423194858202303,0.09255456401527022,0.5452014207056542,0.8415859754507834,0.09078735576702263,0.9563759044694751,1.0927962267999547
296,0.5648594579407753,0.2771257930362775,0.1439420118842193,0.014910856172995583,0.578845403416192,0.8954872868800011,1.0994384549774658
297,0.49363434578128473,0.12659396415745341,0.13566531856158226,0.8227907655496732,0.2730521117094129,1.0197023711170181,0.9995112854996664
298,0.1342927135877278,0.6606564597122069,0.23526751028316661,0.9210225629766602,0.9919861774064199,1.4816169114925464,0.3172618070695665
299,0.5155490468734427,0.5012607017835068,0.18560790792085652,0.5540974331531656,0.26413337478750043,0.798176693825583,0.8381509403196559
300,0.8621078007450725,0.7027503569281904,0.3319001869746523,0.03138601884788815,0.1979389359629471,0.2966210926040885,1.3479548704910203
301,0.16835928016308738,0.3334394429623761,0.22345144649304205,0.13395829584263386,0.7322325005503223,1.247217805137711,0.33774766860223304
302,0.8837507475196782,0.9359515355515198,0.35173069833575743,0.7211089218893485,0.150088986496229,0.25120623837457645,1.3603648365957135
303,0.6219716452604965,0.917204804853212,0.40178843549051657,0.38113390838047784,0.41292895458418144,0.6744532946081034,0.9990696601217854
304,0.16176187791784571,0.3708128974794629,0.084041975646837,0.22441706523635685,0.6686564890331872,1.252549297118634,0.32529765475682
305,0.341894878736613,0.7707347413849504,0.07865238857275743,0.7126231322444738,0.5228806809175104,1.1140370413097191,0.6633232127517641
306,0.19614713987274615,0.6156549191654607,0.6996253767337275,0.9439595739797221,0.8920058919565965,1.3378799301947104,0.4257692570573523
307,0.38650983675291134,0.4893319293017184,0.10409907025232859,0.6372208413660622,0.11692595948223905,1.0860954768053144,0.7544592877451731
308,0.6668060982083774,0.7437785370608954,0.01669211384912396,0.6644280160068302,0.5628124527880471,0.6617470865692132,1.1467595352751163
309,0.4378585785842403,0.3127149389249823,0.6089076753096738,0.46791477366307427,0.35990219993734995,0.8248792740551287,0.6777388269250093
310,0.7907233288924683,0.5933419386866129,0.11189955147996057,0.9811311221562564,0.14102496589793048,0.4906185174993367,1.4383100111917853
311,0.7664381009182772,0.25309467730095814,0.5393485873059343,0.6662266253363657,0.20801254543712136,0.42161910261739943,1.097177742988844
312,0.5573907805650256,0.6692706409891491,0.5150344654301687,0.13016885672745573,0.5537741788021556,0.7485428079115607,0.8973192486729686
313,0.522199358747578,0.9134644937760038,0.29558002383764814,0.7876453797200585,0.2840061207931728,0.9153681893170078,0.9815415279561273
314,0.13801335548038587,0.6703468435167232,0.4308640609660757,0.0416695415458823,0.5581819793114107,1.2180550894584865,0.26827934198258524
315,0.10756851483664463,0.04689047925020333,0.9668717859216734,0.4562029906338346,0.9967286522685628,1.6481246729002696,0.28116155763128575
316,0.19214996803771442,0.5692271425245503,0.7015380537344829,0.1614045395914165,0.05752266175262347,1.294551561550066,0.4030467361202208
317,0.4914990586470965,0.38922570961885106,0.6949990409788956,0.16667385967452403,0.8528804711817914,0.921347869147602,0.8970647126533015
318,0.4276809427433937,0.2565156585379554,0.7484928520308888,0.1976402465921776,0.3145799240628494,0.975901563846491,0.7760248194694493
319,0.24329717157275407,0.1509308252443317,0.23676638817103873,0.7174333489355862,0.4955858244213039,1.1490938827595956,0.461856961080819
320,0.056332474034550085,0.06936701538144623,0.65253150935791,0.36636495336734715,0.9368498586208737,1.4118612814941058,0.12525823946966702
321,0.23185253967328293,0.40188177053220525,0.5831217841535293,0.6057853800824671,0.3782632748871437,0.9741676863631726,0.37135042516049444
322,0.7143810241480837,0.3021350525958852,0.45423275263507673,0.5408986916587174,0.23674444991911903,0.48242473627793175,1.0021490611421935
323,0.4355068407209456,0.1910853506871079,0.7479109616018744,0.4526744392217718,0.7314088422199652,0.9398166758182649,0.766376032713521
324,0.12859609899000773,0.3180133176891283,0.8425900582751026,0.9858302863212686,0.8919741768790588,1.5088467723200083,0.3089986517173609
325,0.7075160188759219,0.7699373852030187,0.3117682503545683,0.31548049734154554,0.5102593548609435,0.5066077932301847,1.02398278302624
326,0.881997540559304,0.03391328143365065,0.48730761550022156,0.23293718539353803,0.9496276585146555,0.27476758289590064,1.465347181288635
327,0.5246543651474678,0.26127945813780545,0.15575751371677643,0.9385718934524504,0.34917064397657416,0.94448452064779,1.0206253730433228
328,0.5974316010427593,0.08698875638224698,0.6821387146086318,0.5138264013572001,0.2822131627351492,0.7396182096370505,1.0094079855237326
329,0.3188200722183102,0.8922474784430553,0.993414490574885,0.27833015703591035,0.2267827889140649,1.3343069547491357,0.7303242635646103
330,0.40352049728536404,0.5490952881604728,0.3375057271566818,0.27453540587363073,0.16817587823739089,0.9586511063265317,0.7046332601000861
331,0.609200157768041,0.19510060744503857,0.6649830605672207,0.12783684448997903,0.883489366592672,0.8097594592818926,1.1490995926070608
332,0.47284322776394905,0.31034993375476105,0.08225672018705747,0.6736120406016253,0.6213568727883845,0.9247098474720502,0.8490013758014254
333,0.26687507319770803,0.6733537309145402,0.3014365261055204,0.8840210556592749,0.6883038080481033,1.1439661565014454,0.5097753422379174
334,0.022838929302986137,0.5360929963872693,0.7024700030400286,0.09101612446498937,0.26085210776901346,1.2659412372388046,0.04543552367118376
335,0.3394470636561169,0.21232006621586175,0.7094789387187915,0.4219603427038858,0.9942593529255477,1.1858705153517213,0.6999323523832623
336,0.024555342264508173,0.1689122366119834,0.5339313895570316,0.3229769045262097,0.6605696696634215,1.167021581201729,0.04503604099985341
337,0.9786280387142703,0.47431574847207725,0.4183709819280291,0.28426288849939985,0.5757715227324907,0.03556537682943163,1.0590097636279818
338,0.9103993088627805,0.23368874283724383,0.16825766581635154,0.038116243840207946,0.6102212418693758,0.19729852904276307,1.3925526881422536
339,0.32232704603667206,0.10173086978101095,0.6806847911500492,0.4789488656564174,0.6135832775423152,1.0534791250399649,0.5841797956469799
340,0.5830314233715508,0.8115726602778972,0.855401663794766,0.1958920335467679,0.7185560661326622,0.8306421271249315,1.0814515920527141
341,0.9482530187136524,0.5021929774882096,0.5852348609472149,0.7333777326447097,0.6931603741670128,0.0892364695766866,1.0954171415672518
342,0.4600347061628871,0.735551217282182,0.5893885306611893,0.622304168962721,0.49995126955258584,0.8089056481018053,0.7132246368149374
343,0.2706228163942501,0.04956120506793795,0.03425885703820721,0.8790023571004488,0.0594582047727638,1.6011100670216112,0.7248154811895586
344,0.563861724953596,0.814948780868188,0.9074005297060529,0.4163421690719114,0.6269038003342379,0.815138577772739,0.9975929090328274
345,0.3981186152609361,0.7530605695393978,0.8145934935239346,0.059316443038296474,0.5857342138460645,1.1063186038244204,0.7988028936093956
346,0.8258063249990707,0.8597854691082921,0.9946431231417099,0.536697973317514,0.9130426992219303,0.417780483099329,1.488551985622771
347,0.5753990039677719,0.8495591238457509,0.5673382195977965,0.2869750221681334,0.3422111943778639,0.7404679821146949,0.9404909708561484
348,0.9690055257562776,0.5749686556702923,0.5347695642907586,0.4921890054167344,0.17222073149105843,0.05423082213598098,1.1130090805350406
349,0.42303379205078656,0.7844459985371084,0.22713362129303238,0.2057638318796164,0.9015170794956346,1.1046002225976586,0.8652782443135333
350,0.33152761396551883,0.32828116090233506,0.2162820619190542,0.06592889896344953,0.7069003693410086,1.163418255002763,0.6673071048689498
351,0.9806027190791151,0.5604269320636271,0.3768489706971785,0.7986471152959087,0.5371221122827777,0.03379684128708355,1.1088708200147082
352,0.8111890960203271,0.632749826868854,0.7170544149703011,0.5732927421339707,0.9798007456810682,0.38002319352339625,1.2435446661760736
353,0.6640230604833028,0.133053849634882,0.21374564925673312,0.777313829948727,0.26348463421195334,0.6795637944022559,1.1658318252984397
354,0.2329463600164215,0.5242620979339198,0.7428396134653842,0.539639015018624,0.08577874829523854,1.151102453087741,0.44106421209828567
355,0.6975266805575017,0.12310618578751752,0.42550898017011285,0.3207866789471312,0.7815838314516967,0.575930072761147,1.1195523462188102
356,0.8580208949377447,0.5731042267284855,0.5755790656106505,0.8581354402290128,0.2313066433411722,0.267957819836037,1.1815090588382486
357,0.9303908511747505,0.6374989015119902,0.7369862520255381,0.8219512428955056,0.36821293138802647,0.13052206181484613,1.1889459896570396
358,0.4258297154069005,0.15603573553570382,0.7126382761574804,0.3358267508583163,0.8015806375418298,1.0052940158965833,0.7946365642975607
359,0.4121300395030764,0.6588006338823165,0.09873557523609149,0.13640956192342865,0.9193944719783019,1.1919765314987418,0.9012134786131653
360,0.9668900662960224,0.05715115031124999,0.4784254378315644,0.603751203868267,0.20372243275420424,0.06732775908602774,1.293374056358852
361,0.6120396467301926,0.9764337098883543,0.27283792052459266,0.2947671461720776,0.8357551080802967,0.82047602909717,1.1754062903009737
362,0.6374199354970721,0.8523976124806356,0.8095576734851165,0.8143480425240115,0.000697231096122156,0.8456039795677733,1.3205980702498252
363,0.6502481426637303,0.28489105154104405,0.5930079326869762,0.6821945601818261,0.7705256369978761,0.6063922724420708,0.9904085783932041
364,0.5316659097439742,0.6662287573686256,0.2500030564955318,0.01755347889031023,0.5020069408690699,0.8877574906161835,0.9807763904307529
365,0.03159769472749492,0.3093633279693207,0.40389442524780045,0.5510443594454648,0.5207436554329185,1.047323088375365,0.05202508343006666
366,0.06935713408262129,0.058513681881267036,0.3875510164935805,0.9232199226138084,0.2774310584153933,1.4276920813139018,0.1561595635883414
367,0.08128877160434184,0.9232195336842043,0.7704154621942793,0.9700519525453978,0.8432176911743752,1.5780342075649205,0.20259846658177127
368,0.5272726841352882,0.08063764254725837,0.16156383736351396,0.9631504043436747,0.5387473075558329,1.018599055698575,1.1098367078640579
369,0.5598706645832309,0.3475891087495244,0.6052562477321997,0.8128197851777819,0.5142183190755809,0.7219747102987408,0.8723565995155853
370,0.6310818667325945,0.3238991670371834,0.8849974821108788,0.41858721393855347,0.6700422168168622,0.6652138824415254,1.0164514536440223
371,0.7710821795606447,0.02102031657896935,0.705141244188951,0.9948929160192344,0.02691929835921707,0.6123590034359855,1.6289299500627354
372,0.14033312954523372,0.24230814979771234,0.6606233728372667,0.7316735313928748,0.08949773222873492,1.2825847218286628,0.2873964169677554
373,0.38287358478091005,0.5192039602677719,0.9472049394624421,0.7022330643408298,0.034067162262563996,1.2024628434289428,0.8251518798570088
374,0.22090953555733547,0.7838114347977838,0.10288375053864415,0.6018184575921157,0.42107748798368777,1.1800519847720798,0.4267502962113556
375,0.7334144583784902,0.6283135312903704,0.7338736640209049,0.1727552046072559,0.4394418720325718,0.4805916404671803,1.079796793500082
376,0.36334592819583567,0.6008745806354027,0.8346271010210139,0.042407927239271136,0.9921896386744307,1.3243462191382005,0.8502521620019098
377,0.6380322188266401,0.41384655268780757,0.7983719761717168,0.7050789632871636,0.028309309692511095,0.7328075050792934,1.1468687858364526
378,0.5901932393846364,0.2829853691040797,0.0814139285001218,0.9573528551730517,0.6390175833304154,0.8707417657165207,1.160452595944517
379,0.05496132424793476,0.9708999577679678,0.8396342977353958,0.6380403268738202,0.04760766873468723,1.5549991168394177,0.13458234203861885
380,0.8429451141673504,0.567115838184968,0.6027597610774578,0.8432734126678816,0.2800288344177021,0.28847811153532926,1.1455225205691735
381,0.5466258442348936,0.8167597152723228,0.3162046203736493,0.9479614806865884,0.2918049664573866,0.9005668160834843,1.0431814545343014
382,0.7844223210052625,0.7143095955484842,0.06795975244559146,0.2193568478739273,0.7559028492185089,0.45737594474204,1.2986453438857248
383,0.03358032301049387,0.966798166474486,0.4398226686306562,0.8921286795664578,0.9435925531700875,1.5698746003614834,0.08288439184806172
384,0.07647276916097392,0.11121235099509993,0.5418681659466633,0.4595288488926333,0.020667164539315632,1.3743311894783021,0.1658876490319232
385,0.8775786347010711,0.7736904601304201,0.1880107626660938,0.7803480479310447,0.24179453626741063,0.2517970882792267,1.2932237912221376
386,0.3085973455550686,0.20397515049854698,0.9452532732674644,0.02440764028335195,0.9067437272045308,1.4842513366687702,0.7816884936760563
387,0.7039167850034971,0.6070125595725564,0.1413068261076692,0.3890427217406892,0.9262246058414455,0.5983400650622585,1.1923879675338518
388,0.6488496805758985,0.378649843089902,0.40987676660660693,0.2346296997646493,0.6578170070228012,0.5859669414957288,0.9523442413140235
389,0.08691612402994159,0.25831985657286677,0.17129016983025794,0.7753676785485875,0.3935310250512177,1.2419569677244857,0.17062275760412218
390,0.8068833396442333,0.5093579118949233,0.020385788757219345,0.9170291995903318,0.382592533810586,0.42352409394313667,1.3530806939025926
391,0.27806805446235644,0.7090824799638032,0.7613437276256033,0.8675646275706471,0.0633751531666526,1.3027768350978008,0.6082181559620184
392,0.029708943761236218,0.5907729435020964,0.42705940558297617,0.9695114900915883,0.12870049916735565,1.3703708772752787,0.06399715025550458
393,0.9016947030053427,0.2233877101323175,0.07412456960629868,0.03794756435289044,0.6983057588680935,0.23235297915938258,1.4927264412084253
394,0.787408548780047,0.2950698410603396,0.4850692198009888,0.44004820679027096,0.5662064535810319,0.34421870136525967,0.9921828590938565
395,0.9321084780436639,0.6572461206546564,0.7070781936416682,0.35083688430084875,0.15845668341428723,0.12842292206897069,1.1996549444391804
396,0.8171855282538103,0.5503205990774963,0.9826425763656315,0.6994760037725825,0.17690741303199653,0.3907650570628963,1.3231598582101063
397,0.8979290896679982,0.8346743560378772,0.767475009785682,0.8485626647702432,0.6014511413088989,0.20998919885917144,1.2984678574543602
398,0.46533152475650114,0.36980342240979475,0.8289550018204593,0.3115012477377929,0.8978820100329332,0.9820601407725335,0.8805285504452884
399,0.7804483108873136,0.5406887240836372,0.8974105137494659,0.7067104328239626,0.7421242115475479,0.4262939834204766,1.1866984769940105
400,0.5949460589885628,0.42286895151079673,0.0002896458117127234,0.657354742048012,0.4542068202504259,0.7620578696291642,1.0315609951329596
401,0.7597322829255498,0.43276429861445265,0.7535285954465845,0.8762879496565393,0.45918842710259256,0.4466612951062228,1.126753056303489
402,0.20630045072786296,0.6428940712796177,0.2200252741941785,0.6910128632140252,0.922261744332868,1.245225092523242,0.41826725246822866
403,0.16352731551358074,0.24672103635360781,0.41601316646818864,0.6792918080897082,0.7451359801256441,1.1252691656086224,0.2955753438921916
404,0.7318633676513997,0.5135533825887244,0.6265751226840747,0.40536192779912766,0.4661895628704251,0.4195993967892887,0.9366094189252567
405,0.09400063540988488,0.736829421211094,0.19637354997029607,0.5890949724392394,0.19510788139430063,1.2355816309909218,0.183778399007538
406,0.3355562138293905,0.4088712454017908,0.7745811315514941,0.48511553231257687,0.3226065836441037,0.9640022164326291,0.5610640223380575
407,0.38813821513357616,0.14146873020284562,0.20583078849141925,0.09203734069351915,0.3993139493394642,1.1409145273103203,0.7968736941654057
408,0.39173366328770903,0.8435161292583321,0.18367284801007802,0.44311817225823935,0.4158392178236661,1.0030754404850795,0.7090619316079311
409,0.4382455023711457,0.11478277949433002,0.90315543001098,0.36247139910824777,0.7135048336959896,1.0621954067672756,0.8738048709175922
410,0.058993420985525395,0.8385682842155149,0.6422727596401242,0.14188238202879555,0.7584734733848095,1.3242207585386134,0.1230635553766901
411,0.09979317300226928,0.7998541993369976,0.45127931615349515,0.26485476858202434,0.7724856457418711,1.2068472564472636,0.1907439279908226
412,0.6186796609580656,0.9723975337078106,0.3325413599432191,0.1823609636694541,0.4223696393938773,0.7657062973950066,1.1216913830716955
413,0.16615138534297155,0.07565690439927766,0.032388325613986815,0.34346827715456346,0.06775680191026533,1.555539280110612,0.4154563333909195
414,0.9147773938771964,0.04434543430684803,0.8059609923782257,0.3567550166617555,0.3381762149956945,0.1799066069652886,1.335879448585664
415,0.7655108196320731,0.7581872149887915,0.9369920474171526,0.18418132310944896,0.3277829883720716,0.4994147205912531,1.2939927546516903
416,0.628771734367818,0.4874927836834457,0.1754547838462763,0.03263804351189714,0.5616399837360277,0.731084246224922,1.1083036024438677
417,0.3548243220665663,0.42777574131042295,0.23346794118545808,0.6752332998671461,0.9692527250196292,1.1263030120095836,0.7019946920971487
418,0.4942634674873903,0.38203589025521045,0.6384138507134647,0.17649987703117842,0.3705766849923052,0.8236609883490716,0.808949262943984
419,0.5127878262637584,0.9095188806447078,0.5610822817430323,0.6087469039487983,0.8847782873759796,0.9222849897147272,0.9601017104774521
420,0.4993332367171545,0.2682637011688098,0.42298459654190307,0.6458291961174343,0.388949407945623,0.7738405977283832,0.7722213302342759
421,0.2989462596876263,0.6314748568026726,0.2480800916826692,0.013657964243509436,0.7171466672723087,1.2167401390051387,0.6174253822774685
422,0.1232877987309248,0.732837783536741,0.5079147789825587,0.023691636117723743,0.16495199581156492,1.3673552275469016,0.26816286623105373
423,0.27593791515396243,0.8263806003208407,0.6771790984243989,0.2931286838295899,0.9285772742403491,1.23821942699164,0.5730404146231435
424,0.47866676245120965,0.1750685827118822,0.5710926944578745,0.10058544345144187,0.013936716472411025,1.1002931226199968,1.0289162334967685
425,0.6107019154240632,0.808047567611748,0.9176776993413464,0.27158203947054055,0.874644439468678,0.8392701379807397,1.1969637567639257
426,0.48656277026977357,0.9565188714298555,0.5281648705544348,0.8542410181884335,0.02214487022105174,1.1283130140888924,1.0816598544364937
427,0.21549718293785497,0.5271644437192476,0.23059968259168856,0.3974598662321391,0.21955266091990489,1.0965125239158195,0.38603000946546345
428,0.6847938791930902,0.42977679342423886,0.15075475624108642,0.8308863626293813,0.6637457466936406,0.6001994454946181,1.111503442267697
429,0.2130713320792817,0.5435435081549399,0.720654276196234,0.9965910416243794,0.7371819861069415,1.2783420040095468,0.44457596726133924
430,0.48463697742017353,0.8338151898421748,0.7381165997328214,0.9509488447270242,0.866145358493258,1.089962447309259,1.038585961540519
431,0.20255115637961238,0.6959687272350571,0.9971486464744316,0.3362890428740281,0.18783593548771182,1.3390506940003988,0.44102426009974577
432,0.3107543328441422,0.390001329057806,0.7318127721952681,0.8382283475061594,0.703359216760914,1.07892141112966,0.5728973205245285
433,0.027029598797574772,0.9187748058508483,0.13347648523923739,0.3781987121724632,0.825020732030414,1.4288969638469022,0.060704580829300143
434,0.7686183026007727,0.3611688564893692,0.08797480352184278,0.27643158876492757,0.36296829705462413,0.44715304071984824,1.1756331978992858
435,0.05012474744090919,0.7189700470882208,0.6238719674737213,0.599846958699895,0.2669580765710181,1.1240768196158533,0.08868839807014169
436,0.8751546118986223,0.17304671003672015,0.12391942092263329,0.2271191291656916,0.6222054172917076,0.2606601466528315,1.3120923649381453
437,0.7923992881819093,0.07870474531411566,0.8078524790449542,0.7827862034251248,0.2583996375941692,0.4518855583069999,1.3362620817803594
438,0.7558907413580489,0.7406173161663431,0.8897479465404601,0.2316701089372743,0.7863086244563738,0.5102128004213368,1.2647377752123863
439,0.6606653985079041,0.21017260985224084,0.2571040017068772,0.43828930955383233,0.2697023072668284,0.6096903187939907,1.0333936444591572
440,0.9463951870382972,0.3365862498403086,0.9250394317827819,0.010597717941848222,0.8570730788449055,0.1324095949236966,1.5688004611673678
441,0.6591853020584022,0.9950907972477041,0.6319679318289391,0.4894413077423494,0.15323869335844614,0.7054685911830649,1.1894056841686351
442,0.4457744773021465,0.18535342376201774,0.846521900615031,0.4765219620094067,0.5288985696693299,0.9332903558155728,0.7864521330038986
443,0.9134933252512297,0.30003627253759774,0.5697473260473196,0.2556251105267338,0.9303953812857897,0.17472607364254325,1.2779198814008654
444,0.8724509114343029,0.12405353085569167,0.35753453424086706,0.1984748193884015,0.1672105196661291,0.27131807604612146,1.3360273609120006
445,0.4587290743644998,0.8885399571342016,0.5229983744683114,0.7534354528250905,0.812968201104768,0.9871314141423497,0.866777172009169
446,0.5047723289515368,0.7747218067684214,0.8948130097801187,0.9048841337922372,0.5304940629808077,0.9798412677705238,0.9946429834523003
447,0.9502189068899656,0.2914995563325765,0.005802203108675099,0.8031942425980538,0.10970539008577782,0.11967107746175906,1.527279245855024
448,0.6703754912552378,0.07005702144922539,0.4569576552896935,0.20847779211998607,0.41821026340129025,0.6327285734217675,1.11081312624785
449,0.9917864192842033,0.6810839248129165,0.011671952086432201,0.9248671785048076,0.6977637810260559,0.019234573107925593,1.4907542200319104
450,0.26596810888211947,0.5467685312166568,0.04816269444446018,0.8711340881012861,0.09345594905179996,1.3795443625683967,0.6123997737644189
451,0.2850458505284185,0.8405974171537115,0.11947703437566337,0.37274855295504683,0.09710559302701874,1.2974385505033295,0.6231361125117556
452,0.7050720763087152,0.4682172034389697,0.624586411234408,0.8756237726379081,0.860409046625483,0.57536343208395,1.151809101621815
453,0.0675991233376413,0.46425535450764494,0.028677566387816905,0.24183255213630503,0.40611947296660494,1.2915708157230126,0.13766252000280485
454,0.22313841498597642,0.30557519432596797,0.031037763293720145,0.7662455857557755,0.20634941841309687,1.3288206395295117,0.48581801178695805
455,0.25121812484157235,0.3411668503705157,0.8534227546677471,0.5470342457190028,0.373568083315154,1.0785413477490535,0.4491661601374221
456,0.1491374749649193,0.3347712073027172,0.7849808641417381,0.9753804215679311,0.38068702974893964,1.3118964521080534,0.3130792111047842
457,0.4764043621809301,0.4218972440367072,0.262732772598568,0.8196093989392628,0.5059608325978895,0.8534324550560137,0.7924033451906959
458,0.5506217542965313,0.439579388397872,0.4441363716841686,0.3528575764088277,0.08120739295574728,0.7809173717160641,0.9161470717410063
459,0.5894951336890898,0.8010635552553218,0.9595138047833538,0.19075876580666834,0.3521900016743551,0.8530583056652461,1.1342924008716284
460,0.5874809713958887,0.8954682701006559,0.5056362897739376,0.4545172986250371,0.7206647852416396,0.7286345881304304,0.9624945806175204
461,0.7279149741514057,0.23922928000666838,0.12475673147730784,0.34518147175455993,0.580516197454582,0.5136699256325175,1.1277897979505942
462,0.014525485749262202,0.0992153516599557,0.1623129678334087,0.16407629516576444,0.3468932795842249,1.4105800183082817,0.03219019758087294
463,0.5845681563029659,0.9307323119729374,0.6510028557545098,0.5324054935668209,0.7471739948158558,0.7714610637272648,1.0094356657562238
464,0.8220341842378136,0.8743110259164317,0.3028677341270962,0.7581496610860207,0.06025230299655509,0.3970477177616506,1.383127943929705
465,0.44775972679390663,0.05243971710336127,0.6112300971221859,0.019070371107216932,0.1445253360920128,1.197675771035139,1.0156445360242956
466,0.6477649076191742,0.8209396807295956,0.07044089436282149,0.8609640060565052,0.3181158359123647,0.7624318619601418,1.234426567134296
467,0.016725126110498756,0.49449447982061884,0.05265638319838756,0.6634336136898517,0.8068534124815904,1.3205603248357656,0.034701436791427585
468,0.4522303833112191,0.5458921248073586,0.8870146804925664,0.4118277514655534,0.8778111246899536,0.9873848195778522,0.8493069500932933
469,0.8848102205160948,0.43652477950770696,0.6579404630414207,0.47408916609937163,0.5978851071878174,0.18701307891977786,1.0222618042000293
470,0.37120897694147453,0.3069939311320044,0.8306462588653373,0.2834896485269555,0.33524353362893017,1.0189117613647973,0.6720732778379334
471,0.28223813081648064,0.46679450828186647,0.8235293687786759,0.19335134732837175,0.33123372658624406,1.1095439160501308,0.5268841650798176
472,0.2526360238058866,0.18371471907248102,0.9483054850742415,0.30337684452250413,0.08374048725995004,1.395371282153525,0.5847624370126827
473,0.5361817653117152,0.9681183818682384,0.7549657005713873,0.2603859237988675,0.43415790089488354,0.8960936385020954,1.0042124202441105
474,0.23861747400987282,0.1787487342114998,0.41222490927419564,0.4495273011795323,0.7259524440704404,1.0836613450299608,0.42633195265184276
475,0.18377429294055989,0.6898216306477053,0.49795191567488445,0.361820647838671,0.1354422595420526,1.1388748500467343,0.33820834201414024
476,0.818679021763019,0.8555405792123889,0.2674656750377304,0.6164954784218027,0.5558438789852711,0.33638483513056283,1.1489402805205784
477,0.7737453187522286,0.48546034100139324,0.5521298352242355,0.9779365492854515,0.8495735066221133,0.47098994811309003,1.2689667597370495
478,0.7987194521624934,0.1890859580582815,0.3947740149869454,0.14361242140378533,0.13165226851290776,0.42610766237565917,1.3025040090861433
479,0.7634742974355909,0.8874153956953665,0.7282721847756494,0.8726019431525956,0.4839164850914309,0.4869484373829746,1.2497757628746584
480,0.48332630372229113,0.9606909048156143,0.44668936643767354,0.8896062668760755,0.16137497435263362,1.0746810171726666,1.0198116529495718
481,0.2080233071286245,0.0642679962949456,0.8732742890607659,0.7382608872435559,0.6329920276610322,1.329379182090008,0.45054155411146884
482,0.6933656423991305,0.11366746865714893,0.7957531228742662,0.4236199863091377,0.072212327564271,0.6603916854477817,1.263368946539747
483,0.12539511617014126,0.8128090316575258,0.6479818846667191,0.5955983768705455,0.09550033846960808,1.2675152479753995,0.25294236518241453
484,0.635522345130773,0.9596446804800666,0.8603584758902342,0.07333288109792939,0.9667399641607768,0.9432025179995512,1.4633961574160588
485,0.5522748225259964,0.04177773644193849,0.3051202802695784,0.3945576176993903,0.5822321487384431,0.8186435313992159,0.965473021615479
486,0.9658166702588866,0.01951163306797711,0.06856867607592074,0.28876325787125273,0.7964099749170537,0.08315953202920168,1.5472487283374232
487,0.5014278426813349,0.4302630320572796,0.022938965675303336,0.9197339128738419,0.2558056591180289,1.0358839537324926,1.0405410714904852
488,0.9720213911913198,0.029227462231903218,0.47001294323957,0.9493002947479259,0.4432808110036852,0.06272157047412982,1.4262353396509435
489,0.7095566090065432,0.8829117585091777,0.7836264019599564,0.745817917340508,0.9805384051789005,0.6689571116387735,1.3631075330348057
490,0.15655230571014495,0.35671435423567716,0.6703437541885556,0.4801163793683643,0.8791629682412656,1.1577958997196227,0.29059713274353843
491,0.51639435931099,0.9478405848627813,0.0420894683616499,0.9523364150753548,0.3849466349691429,1.121207389709778,1.180494379063826
492,0.24120241429520134,0.7891485320119633,0.6979305232876812,0.9004926068993694,0.10568978196903941,1.3366279280161775,0.5321309226650962
493,0.2778324839400886,0.66324882515693,0.3981908879237311,0.9908193358843645,0.501894020550894,1.1581446826830015,0.5401729019456138
494,0.9709507098999072,0.7012098731641282,0.3291440491884694,0.1695145129882172,0.573581231479538,0.054022019842083165,1.1830792834558197
495,0.07562486652515568,0.7046163495673756,0.8129530347978078,0.4474439377043474,0.36158742775755803,1.1535404860067104,0.13767875246962624
496,0.627658977972964,0.20172800942728833,0.9758444456862362,0.5759053957309206,0.6164610775318907,0.7368884266806575,1.1128656993566939
497,0.22563613612537117,0.45725446293712463,0.24774960814147226,0.8343124901842728,0.1101034210205303,1.246622629282122,0.4613191048837381
498,0.04595956423898232,0.677092208371584,0.6485610690779195,0.4004169625410983,0.9554879865718395,1.2675079127728701,0.09166464680842552
499,0.254116870714154,0.6205180260460117,0.5216910569306947,0.7221493621451539,0.6069946357380575,0.9912203448811036,0.41810695500182116
